{
  "summary": {
    "successRate": 1.0,
    "total": 30.006282208,
    "slowest": 1.3250395,
    "fastest": 0.480536292,
    "average": 0.7292525267906402,
    "requestsPerSec": 13.863763498467994,
    "totalData": 49651,
    "sizePerRequest": 122,
    "sizePerSec": 1654.6868304385443
  },
  "responseTimeHistogram": {
    "0.480536292": 1,
    "0.5649866128": 54,
    "0.6494369336": 81,
    "0.7338872543999999": 64,
    "0.8183375752": 129,
    "0.902787896": 47,
    "0.9872382168": 18,
    "1.0716885375999998": 2,
    "1.1561388583999999": 0,
    "1.2405891792": 0,
    "1.3250395": 10
  },
  "latencyPercentiles": {
    "p10": 0.5560785,
    "p25": 0.594690667,
    "p50": 0.736693541,
    "p75": 0.802552,
    "p90": 0.888895042,
    "p95": 0.920010542,
    "p99": 1.300276125,
    "p99.9": 1.3250395,
    "p99.99": 1.3250395
  },
  "firstByteHistogram": {
    "0.480536084": 1,
    "0.5649863881": 54,
    "0.6494366922": 81,
    "0.7338869963000001": 64,
    "0.8183373004000001": 129,
    "0.9027876045000001": 47,
    "0.9872379086": 18,
    "1.0716882127": 2,
    "1.1561385168": 0,
    "1.2405888209": 0,
    "1.325039125": 10
  },
  "firstBytePercentiles": {
    "p10": 0.55607725,
    "p25": 0.594688625,
    "p50": 0.736691958,
    "p75": 0.802551083,
    "p90": 0.8888945,
    "p95": 0.920009167,
    "p99": 1.300275833,
    "p99.9": 1.325039125,
    "p99.99": 1.325039125
  },
  "rps": {
    "mean": null,
    "stddev": null,
    "max": null,
    "min": 0.7942655614990889,
    "percentiles": {
      "p10": 5.254999949841024,
      "p25": 8.83428640265329,
      "p50": 20.05290638503197,
      "p75": 84.97440146155945,
      "p90": 21837.875611306947,
      "p95": 23809523.853524998,
      "p99": null,
      "p99.9": null,
      "p99.99": null
    }
  },
  "details": {
    "DNSDialup": {
      "average": 0.6731232041,
      "fastest": 0.661221333,
      "slowest": 0.685938958
    },
    "DNSLookup": {
      "average": 0.0006965833000000001,
      "fastest": 0.000534375,
      "slowest": 0.000826708
    },
    "firstByte": {
      "average": 0.7292511377438426,
      "fastest": 0.480536084,
      "slowest": 1.325039125
    }
  },
  "statusCodeDistribution": {
    "200": 376,
    "500": 30
  },
  "errorDistribution": {
    "aborted due to deadline": 10
  }
}