{
  "summary": {
    "successRate": 1.0,
    "total": 20.004391625,
    "slowest": 3.266723958,
    "fastest": 0.539883542,
    "average": 1.7190597766846842,
    "requestsPerSec": 6.0486718250798095,
    "totalData": 35599,
    "sizePerRequest": 320,
    "sizePerSec": 1779.559242157158
  },
  "responseTimeHistogram": {
    "0.539883542": 1,
    "0.8125675835999999": 5,
    "1.0852516252": 10,
    "1.3579356668": 17,
    "1.6306197083999998": 23,
    "1.90330375": 18,
    "2.1759877916": 12,
    "2.4486718331999997": 6,
    "2.7213558748": 9,
    "2.9940399164": 7,
    "3.266723958": 3
  },
  "latencyPercentiles": {
    "p10": 0.960045458,
    "p25": 1.29013,
    "p50": 1.620194167,
    "p75": 2.065286708,
    "p90": 2.666228125,
    "p95": 2.872976791,
    "p99": 3.259559292,
    "p99.9": 3.266723958,
    "p99.99": 3.266723958
  },
  "firstByteHistogram": {
    "0.53988175": 1,
    "0.8125658250000001": 5,
    "1.0852499": 10,
    "1.3579339750000001": 17,
    "1.6306180500000003": 23,
    "1.9033021250000002": 18,
    "2.1759862": 12,
    "2.4486702750000005": 6,
    "2.7213543500000004": 9,
    "2.9940384250000003": 7,
    "3.2667225": 3
  },
  "firstBytePercentiles": {
    "p10": 0.960043917,
    "p25": 1.2901284579999999,
    "p50": 1.620192208,
    "p75": 2.065285041,
    "p90": 2.666226,
    "p95": 2.872976,
    "p99": 3.259558417,
    "p99.9": 3.2667225,
    "p99.99": 3.2667225
  },
  "rps": {
    "mean": 6.586366592221264,
    "stddev": 3.4814502521784716,
    "max": 33.99505616697248,
    "min": 0.8621245205240597,
    "percentiles": {
      "p10": 4.480602066744016,
      "p25": 5.262600474554992,
      "p50": 6.234632604790498,
      "p75": 7.173950633419999,
      "p90": 8.344589837332574,
      "p95": 8.951436193934592,
      "p99": 23.674545642263,
      "p99.9": 33.99505616697248,
      "p99.99": 33.99505616697248
    }
  },
  "details": {
    "DNSDialup": {
      "average": 0.6263368291,
      "fastest": 0.61893125,
      "slowest": 0.633351792
    },
    "DNSLookup": {
      "average": 0.00011017920000000002,
      "fastest": 0.000051209,
      "slowest": 0.00025175
    },
    "firstByte": {
      "average": 1.719058233891892,
      "fastest": 0.53988175,
      "slowest": 3.2667225
    }
  },
  "statusCodeDistribution": {
    "200": 109,
    "502": 2
  },
  "errorDistribution": {
    "aborted due to deadline": 10
  }
}