{
  "summary": {
    "successRate": 1.0,
    "total": 20.007424792,
    "slowest": 1.356560916,
    "fastest": 0.268684042,
    "average": 0.6743474155547946,
    "requestsPerSec": 15.094396362332208,
    "totalData": 35800,
    "sizePerRequest": 122,
    "sizePerSec": 1789.3357277201756
  },
  "responseTimeHistogram": {
    "0.268684042": 1,
    "0.3774717294": 2,
    "0.4862594168": 12,
    "0.5950471042000001": 89,
    "0.7038347916000001": 75,
    "0.8126224790000001": 77,
    "0.9214101664000001": 24,
    "1.0301978538": 2,
    "1.1389855412": 0,
    "1.2477732286": 0,
    "1.356560916": 10
  },
  "latencyPercentiles": {
    "p10": 0.503127708,
    "p25": 0.56396725,
    "p50": 0.651701125,
    "p75": 0.750587584,
    "p90": 0.82781,
    "p95": 0.905452042,
    "p99": 1.354952792,
    "p99.9": 1.356560916,
    "p99.99": 1.356560916
  },
  "firstByteHistogram": {
    "0.268682": 1,
    "0.37746985": 2,
    "0.48625769999999996": 12,
    "0.5950455499999999": 89,
    "0.7038333999999999": 75,
    "0.81262125": 77,
    "0.9214090999999999": 24,
    "1.03019695": 2,
    "1.1389847999999998": 0,
    "1.24777265": 0,
    "1.3565605": 10
  },
  "firstBytePercentiles": {
    "p10": 0.503125958,
    "p25": 0.563966875,
    "p50": 0.651699041,
    "p75": 0.750586417,
    "p90": 0.827808334,
    "p95": 0.905449584,
    "p99": 1.354952125,
    "p99.9": 1.3565605,
    "p99.99": 1.3565605
  },
  "rps": {
    "mean": null,
    "stddev": null,
    "max": null,
    "min": 0.7460206093176742,
    "percentiles": {
      "p10": 6.1822528256651115,
      "p25": 10.023722743668493,
      "p50": 20.144756594834224,
      "p75": 50.43860401276985,
      "p90": 343.6328104731352,
      "p95": 275862.068918509,
      "p99": 24390243.99783371,
      "p99.9": null,
      "p99.99": null
    }
  },
  "details": {
    "DNSDialup": {
      "average": 0.7122531042000001,
      "fastest": 0.708808209,
      "slowest": 0.713008667
    },
    "DNSLookup": {
      "average": 0.0013601125,
      "fastest": 0.001292708,
      "slowest": 0.001416333
    },
    "firstByte": {
      "average": 0.6743459456438358,
      "fastest": 0.268682,
      "slowest": 1.3565605
    }
  },
  "statusCodeDistribution": {
    "200": 261,
    "500": 31
  },
  "errorDistribution": {
    "aborted due to deadline": 10
  }
}