{
  "summary": {
    "successRate": 1.0,
    "total": 30.002918875,
    "slowest": 2.50611625,
    "fastest": 0.469691333,
    "average": 1.3399772070321099,
    "requestsPerSec": 7.599260623604909,
    "totalData": 64194,
    "sizePerRequest": 294,
    "sizePerSec": 2139.591826630235
  },
  "responseTimeHistogram": {
    "0.469691333": 1,
    "0.6733338247": 13,
    "0.8769763164": 18,
    "1.0806188081": 34,
    "1.2842612997999998": 28,
    "1.4879037915": 37,
    "1.6915462832000001": 27,
    "1.8951887748999998": 56,
    "2.0988312666": 1,
    "2.3024737582999997": 1,
    "2.50611625": 2
  },
  "latencyPercentiles": {
    "p10": 0.784151042,
    "p25": 1.044619083,
    "p50": 1.339602667,
    "p75": 1.750039584,
    "p90": 1.800274875,
    "p95": 1.820080417,
    "p99": 2.105338,
    "p99.9": 2.50611625,
    "p99.99": 2.50611625
  },
  "firstByteHistogram": {
    "0.469690583": 1,
    "0.6733330622": 13,
    "0.8769755414": 18,
    "1.0806180206": 34,
    "1.2842604998": 28,
    "1.487902979": 37,
    "1.6915454582": 27,
    "1.8951879374": 56,
    "2.0988304166000002": 1,
    "2.3024728958000003": 1,
    "2.5061153750000003": 2
  },
  "firstBytePercentiles": {
    "p10": 0.784150167,
    "p25": 1.044617833,
    "p50": 1.339600959,
    "p75": 1.750038167,
    "p90": 1.800273875,
    "p95": 1.8200779580000002,
    "p99": 2.105337041,
    "p99.9": 2.5061153750000003,
    "p99.99": 2.5061153750000003
  },
  "rps": {
    "mean": null,
    "stddev": null,
    "max": null,
    "min": 0.8063927592381362,
    "percentiles": {
      "p10": 4.3489582342359325,
      "p25": 6.983055309038294,
      "p50": 8.310839215911553,
      "p75": 9.998446041516099,
      "p90": 24.863200804435376,
      "p95": 34.154171932102734,
      "p99": 23809523.853524998,
      "p99.9": null,
      "p99.99": null
    }
  },
  "details": {
    "DNSDialup": {
      "average": 0.6147285291,
      "fastest": 0.606555917,
      "slowest": 0.622122166
    },
    "DNSLookup": {
      "average": 0.0001116166,
      "fastest": 0.0000385,
      "slowest": 0.000204333
    },
    "firstByte": {
      "average": 1.3399757945733946,
      "fastest": 0.469690583,
      "slowest": 2.5061153750000003
    }
  },
  "statusCodeDistribution": {
    "200": 172,
    "502": 46
  },
  "errorDistribution": {
    "aborted due to deadline": 10
  }
}